                  epoch,         train/box_loss,         train/seg_loss,         train/cls_loss,         train/dfl_loss,   metrics/precision(B),      metrics/recall(B),       metrics/mAP50(B),    metrics/mAP50-95(B),   metrics/precision(M),      metrics/recall(M),       metrics/mAP50(M),    metrics/mAP50-95(M),           val/box_loss,           val/seg_loss,           val/cls_loss,           val/dfl_loss,                 lr/pg0,                 lr/pg1,                 lr/pg2
                      1,                 1.0487,                 2.6671,                 2.4551,                 1.3195,                      1,                0.30695,                 0.7524,                0.48925,                      1,                0.30695,                0.75652,                0.43312,                0.99398,                 2.5477,                 2.1853,                 1.1935,             0.00053932,             0.00053932,             0.00053932
                      2,                 1.0451,                 1.7606,                 1.3409,                 1.2879,                0.66883,                0.75334,                0.72402,                0.43469,                0.76787,                0.76531,                0.79866,                0.47302,                 1.0128,                 1.4929,                 1.3751,                  1.216,              0.0010896,              0.0010896,              0.0010896
                      3,                 1.0858,                 1.7563,                 1.2132,                 1.3206,                0.62631,                0.73735,                0.68379,                0.33918,                0.62631,                0.73735,                0.72289,                0.34181,                 1.1115,                 2.0451,                  3.609,                 1.4059,              0.0016343,              0.0016343,              0.0016343
                      4,                 1.0992,                 1.7411,                 1.2028,                 1.3479,                0.88152,                 0.7978,                0.92902,                0.51442,                0.88152,                 0.7978,                0.93105,                0.55803,                 1.0642,                 1.2508,                  1.459,                 1.3432,              0.0016422,              0.0016422,              0.0016422
                      5,                 1.0376,                 1.6681,                 1.1217,                 1.2927,                0.83069,                0.83532,                0.86762,                0.65032,                0.83948,                0.84325,                 0.8636,                0.60782,                0.78396,                 1.3758,                 1.0083,                  1.108,              0.0016422,              0.0016422,              0.0016422
                      6,                 1.0294,                  1.649,                 1.1373,                 1.2899,                0.72091,                0.92855,                0.86151,                0.55565,                0.72091,                0.92855,                0.86151,                0.54994,                0.94627,                 1.1843,                  1.175,                  1.181,               0.001634,               0.001634,               0.001634
                      7,                0.98435,                 1.6402,                 1.0304,                  1.265,                0.91875,                 0.9841,                0.98409,                0.68952,                0.91875,                 0.9841,                0.98409,                0.64415,                0.88918,                 1.4142,                 1.0736,                 1.1532,              0.0016257,              0.0016257,              0.0016257
                      8,                 1.0514,                 1.5752,                 1.0845,                 1.3232,                0.64379,                0.73823,                0.64631,                0.44156,                0.69945,                0.86706,                0.73407,                0.44564,                 0.9394,                  1.355,                 1.0074,                 1.1581,              0.0016175,              0.0016175,              0.0016175
                      9,                0.97786,                 1.5416,                0.96889,                  1.253,                0.73997,                0.79365,                0.70952,                0.49017,                0.77778,                0.83532,                0.75923,                 0.5094,                0.89443,                 1.2504,                 1.1049,                 1.1488,              0.0016092,              0.0016092,              0.0016092
                     10,                 1.0077,                  1.623,                0.96755,                 1.2457,                0.86596,                0.86507,                0.92214,                0.63031,                 0.8747,                0.87292,                0.89651,                0.59603,                0.91505,                 1.3475,                0.93404,                 1.1792,               0.001601,               0.001601,               0.001601
                     11,                  1.003,                 1.5918,                 1.0116,                 1.2579,                0.89373,                0.92664,                0.95781,                0.63145,                0.93148,                 0.9071,                0.96325,                0.63576,                0.84986,                 1.0999,                0.98551,                 1.1628,              0.0015927,              0.0015927,              0.0015927
                     12,                0.99908,                 1.5776,                0.95771,                 1.2887,                0.92081,                0.96032,                0.98225,                0.60984,                0.92081,                0.96032,                0.98225,                 0.6327,                0.90548,                 1.1739,                0.95552,                 1.1879,              0.0015845,              0.0015845,              0.0015845
                     13,                0.84766,                  1.368,                0.80809,                 1.1854,                0.90005,                0.93638,                0.94304,                0.56266,                0.90005,                0.93638,                0.94304,                0.57599,                0.86816,                 1.0826,                0.85959,                 1.2188,              0.0015762,              0.0015762,              0.0015762
                     14,                0.89344,                 1.4022,                 0.8327,                 1.2101,                 0.8179,                0.95238,                0.90787,                0.68023,                 0.8179,                0.95238,                0.90787,                0.66992,                0.77559,                 1.1244,                0.92795,                 1.1687,               0.001568,               0.001568,               0.001568
                     15,                0.96159,                 1.4985,                0.89395,                 1.2693,                0.93875,                0.81966,                0.92961,                0.72078,                0.93875,                0.81966,                0.92998,                0.71041,                0.87079,                 1.2505,                0.97963,                 1.2149,              0.0015597,              0.0015597,              0.0015597
                     16,                 0.9002,                 1.4288,                0.81455,                 1.1967,                0.94314,                0.95088,                0.98077,                0.67588,                0.94314,                0.95088,                0.98077,                0.69896,                0.84458,                 1.0979,                0.85319,                  1.221,              0.0015515,              0.0015515,              0.0015515
                     17,                0.99067,                 1.5251,                0.87409,                 1.2776,                0.90147,                0.96278,                0.97547,                0.61714,                0.90147,                0.96278,                0.97125,                 0.6693,                0.92244,                 1.0431,                0.90738,                 1.2565,              0.0015432,              0.0015432,              0.0015432
                     18,                0.94969,                 1.4987,                0.87372,                 1.2577,                0.83871,                0.99206,                0.93932,                0.71785,                0.83871,                0.99206,                0.93932,                0.69071,                0.86063,                  1.173,                0.90384,                 1.2106,               0.001535,               0.001535,               0.001535
                     19,                0.98718,                 1.5687,                0.88598,                 1.2841,                  0.932,                 0.9469,                0.97249,                0.65781,                  0.932,                 0.9469,                0.97365,                0.68874,                0.84048,                 1.0867,                0.80243,                 1.1684,              0.0015267,              0.0015267,              0.0015267
                     20,                0.89958,                  1.456,                0.78811,                 1.2102,                0.99692,                0.94007,                0.98969,                0.81284,                0.99692,                0.94007,                0.98969,                0.82469,                0.68788,                 1.0782,                0.70036,                 1.0937,              0.0015185,              0.0015185,              0.0015185
                     21,                0.86974,                 1.3884,                0.77252,                 1.1811,                0.98293,                0.97794,                0.98824,                0.82539,                0.98293,                0.97794,                0.98824,                0.81781,                0.68409,                 1.0526,                0.68703,                 1.1136,              0.0015102,              0.0015102,              0.0015102
                     22,                0.88096,                 1.3994,                0.75335,                 1.1883,                0.94386,                0.88903,                0.93593,                0.76044,                0.94386,                0.88903,                0.93593,                0.74574,                0.63816,                 1.0362,                0.69335,                  1.076,               0.001502,               0.001502,               0.001502
                     23,                0.85038,                 1.3641,                0.75462,                 1.1617,                0.77235,                0.74206,                0.83696,                0.65469,                0.77135,                0.90873,                0.87999,                0.66883,                0.77438,                0.96524,                0.76007,                 1.1579,              0.0014937,              0.0014937,              0.0014937
                     24,                0.85275,                 1.3395,                0.76323,                 1.1763,                0.66796,                0.90873,                0.75473,                0.52857,                0.64558,                0.86706,                0.73677,                0.54494,                0.77283,                 0.9647,                0.78525,                 1.1278,              0.0014855,              0.0014855,              0.0014855
                     25,                0.87308,                 1.3478,                0.74593,                 1.1847,                0.88464,                0.97592,                0.96812,                0.76418,                0.88464,                0.97592,                0.97145,                0.77242,                0.72365,                0.99527,                0.72275,                 1.1408,              0.0014772,              0.0014772,              0.0014772
                     26,                0.87013,                 1.3047,                0.72829,                 1.1644,                 0.9155,                 0.9504,                0.97088,                0.81885,                 0.9155,                 0.9504,                0.97088,                 0.8012,                0.67503,                0.91708,                0.66921,                 1.0924,               0.001469,               0.001469,               0.001469
                     27,                0.88823,                 1.3778,                0.79949,                 1.1997,                0.97018,                0.99206,                0.99129,                0.83776,                0.97018,                0.99206,                0.99129,                  0.811,                0.69797,                 1.0129,                0.68227,                 1.0876,              0.0014607,              0.0014607,              0.0014607
                     28,                0.82802,                 1.3264,                 0.7027,                 1.1597,                0.97195,                0.99206,                0.98963,                0.83737,                0.97195,                0.99206,                0.98963,                0.80775,                0.69683,                 1.0221,                0.67799,                 1.1018,              0.0014525,              0.0014525,              0.0014525
                     29,                0.84245,                 1.2936,                0.69431,                 1.1694,                0.98359,                0.98172,                0.98955,                0.80706,                0.98359,                0.98172,                0.98955,                0.82065,                0.71112,                 1.0236,                0.63485,                 1.1221,              0.0014442,              0.0014442,              0.0014442
                     30,                0.83302,                 1.3553,                0.69139,                 1.1638,                0.97623,                0.98608,                0.98931,                0.78654,                0.97623,                0.98608,                0.98931,                0.78382,                0.76612,                 1.0661,                 0.6536,                 1.1791,               0.001436,               0.001436,               0.001436
                     31,                0.82919,                 1.3034,                0.67194,                 1.1699,                0.98178,                0.99206,                0.98901,                0.80587,                0.98178,                0.99206,                0.98901,                0.79992,                0.73048,                 1.0286,                0.63266,                 1.1589,              0.0014277,              0.0014277,              0.0014277
                     32,                 0.8748,                 1.3447,                0.69037,                 1.1746,                0.96747,                0.98731,                0.98203,                0.80282,                0.96747,                0.98731,                0.98203,                0.80528,                0.77821,                 1.0361,                0.66009,                 1.1792,              0.0014195,              0.0014195,              0.0014195
                     33,                0.84715,                 1.3127,                0.67791,                 1.1861,                0.96835,                0.98453,                0.98146,                0.78988,                0.96835,                0.98453,                0.98146,                0.80679,                0.82916,                 1.1189,                0.70778,                 1.2683,              0.0014112,              0.0014112,              0.0014112
                     34,                0.86147,                  1.376,                0.68442,                  1.185,                 0.9756,                 0.9789,                0.98848,                0.83487,                 0.9756,                 0.9789,                0.98848,                0.80267,                0.72947,                 1.1176,                0.66595,                 1.1518,              0.0014029,              0.0014029,              0.0014029
                     35,                0.82667,                 1.2962,                0.64822,                 1.1658,                0.97671,                0.98296,                0.98966,                0.85809,                0.97671,                0.98296,                0.98966,                0.83134,                0.70613,                 1.0521,                0.60074,                 1.1648,              0.0013947,              0.0013947,              0.0013947
                     36,                0.80353,                 1.2529,                 0.6361,                 1.1442,                0.99061,                 0.9856,                0.98988,                 0.8478,                0.99061,                 0.9856,                0.98988,                0.83722,                0.65177,                 1.0717,                0.60815,                 1.1359,              0.0013864,              0.0013864,              0.0013864
                     37,                 0.8075,                 1.2812,                0.64337,                 1.1513,                0.97987,                0.96219,                0.98938,                0.85762,                0.97987,                0.96219,                0.98938,                0.83428,                0.62959,                 1.0451,                0.59845,                 1.0905,              0.0013782,              0.0013782,              0.0013782
                     38,                0.78699,                 1.2969,                0.61694,                 1.1304,                0.99339,                0.98265,                0.99012,                0.84911,                0.99339,                0.98265,                0.99012,                0.85201,                0.66963,                 1.0548,                0.59113,                 1.1139,              0.0013699,              0.0013699,              0.0013699
                     39,                0.77414,                 1.2321,                0.61118,                 1.1378,                0.98442,                0.99027,                0.98971,                 0.8556,                0.98442,                0.99027,                0.98971,                0.83307,                0.61079,                 1.0828,                0.53256,                 1.0893,              0.0013617,              0.0013617,              0.0013617
                     40,                0.76805,                 1.2681,                0.60337,                 1.1302,                0.99467,                0.97346,                 0.9901,                0.84002,                0.99467,                0.97346,                 0.9901,                0.82959,                0.62117,                 1.0321,                0.53593,                   1.07,              0.0013534,              0.0013534,              0.0013534
                     41,                0.76933,                 1.2426,                 0.6015,                 1.1315,                0.98184,                0.99206,                0.98964,                0.84999,                0.98184,                0.99206,                0.98964,                0.84454,                0.61969,                0.96473,                0.52499,                 1.0631,              0.0013452,              0.0013452,              0.0013452
                     42,                0.83581,                 1.3008,                0.64891,                 1.1731,                0.98139,                0.99113,                0.98758,                0.87536,                0.98139,                0.99113,                0.98758,                0.85569,                0.62004,                0.93877,                0.52248,                 1.0606,              0.0013369,              0.0013369,              0.0013369
                     43,                0.80916,                 1.2817,                0.61196,                 1.1361,                0.98419,                 0.9829,                0.98774,                0.82343,                0.98419,                 0.9829,                0.98774,                 0.8177,                0.77712,                 1.0015,                0.56303,                 1.1156,              0.0013287,              0.0013287,              0.0013287
                     44,                0.80173,                  1.222,                0.59779,                 1.1161,                0.98522,                0.99113,                  0.989,                0.81216,                0.98522,                0.99113,                  0.989,                0.77948,                0.69049,                 1.0204,                0.53654,                 1.0972,              0.0013204,              0.0013204,              0.0013204
                     45,                0.80009,                 1.2369,                0.58647,                 1.1452,                0.99193,                0.93999,                0.98488,                0.83513,                0.99193,                0.93999,                0.98488,                0.81737,                0.70986,                 1.0143,                0.57841,                 1.1069,              0.0013122,              0.0013122,              0.0013122
                     46,                 0.8129,                 1.2477,                 0.6022,                 1.1299,                0.90549,                 0.9504,                0.96767,                0.81612,                0.90549,                 0.9504,                0.96767,                0.80459,                0.66979,                 1.1042,                0.58172,                 1.1079,              0.0013039,              0.0013039,              0.0013039
                     47,                0.76185,                 1.2044,                0.58645,                 1.1346,                0.93929,                 0.9504,                0.97728,                0.83584,                0.93929,                 0.9504,                0.97728,                0.82986,                0.66443,                 1.1081,                0.58883,                 1.1054,              0.0012957,              0.0012957,              0.0012957
                     48,                0.74374,                 1.1991,                 0.5489,                 1.0955,                0.96822,                0.97619,                0.98746,                0.80869,                0.97622,                0.98413,                0.99116,                0.82895,                0.68772,                 1.0277,                0.59004,                 1.1482,              0.0012874,              0.0012874,              0.0012874
                     49,                0.78763,                 1.2255,                0.57327,                 1.1394,                0.98689,                0.98917,                0.99086,                0.86188,                0.98689,                0.98917,                0.99086,                0.86555,                0.64048,                 1.0083,                0.53773,                 1.0797,              0.0012792,              0.0012792,              0.0012792
                     50,                0.79908,                 1.2586,                0.59901,                 1.1421,                0.98832,                0.99206,                0.99186,                0.87473,                0.98832,                0.99206,                0.99186,                0.85698,                0.66982,                  1.007,                0.55341,                 1.1088,              0.0012709,              0.0012709,              0.0012709
                     51,                0.79128,                 1.2551,                0.58446,                 1.1489,                0.98934,                0.99206,                0.99375,                0.88474,                0.98934,                0.99206,                0.99375,                0.86333,                0.60007,                0.98227,                0.49872,                 1.0802,              0.0012627,              0.0012627,              0.0012627
                     52,                0.77013,                 1.1788,                 0.5499,                 1.1223,                0.97888,                0.99206,                0.99275,                0.88064,                0.97888,                0.99206,                0.99275,                0.86727,                0.63954,                0.97357,                0.54052,                 1.0798,              0.0012544,              0.0012544,              0.0012544
                     53,                0.78538,                 1.2569,                0.56392,                 1.1156,                0.97954,                0.97926,                0.98818,                0.87475,                0.97954,                0.97926,                0.98818,                0.85381,                0.61906,                0.94773,                0.56075,                 1.0641,              0.0012462,              0.0012462,              0.0012462
                     54,                0.79187,                 1.2162,                0.56642,                  1.122,                0.97183,                0.97154,                0.98562,                0.87322,                0.97183,                0.97154,                0.98562,                0.86324,                0.59953,                0.87911,                0.58159,                 1.0601,              0.0012379,              0.0012379,              0.0012379
                     55,                0.75635,                 1.2031,                0.55057,                 1.1078,                0.96615,                0.98187,                0.98187,                0.84649,                  0.974,                0.98981,                0.98441,                0.84382,                0.62281,                0.88013,                0.55062,                 1.0572,              0.0012297,              0.0012297,              0.0012297
                     56,                0.73992,                 1.1739,                0.53132,                 1.1008,                0.97179,                0.98413,                0.98776,                0.84342,                0.97956,                0.99206,                0.98908,                0.84006,                0.64192,                0.96374,                0.52265,                 1.0867,              0.0012214,              0.0012214,              0.0012214
                     57,                0.74967,                 1.1756,                0.52814,                  1.118,                0.98706,                0.97613,                0.98922,                0.83646,                0.98706,                0.97613,                0.98922,                0.82577,                0.69103,                 1.0184,                0.51339,                 1.0967,              0.0012132,              0.0012132,              0.0012132
                     58,                 0.7829,                 1.2415,                0.56217,                 1.1479,                0.98348,                0.98413,                0.98647,                0.85331,                0.98348,                0.98413,                0.98647,                 0.8538,                0.64553,                0.95069,                0.51454,                 1.0931,              0.0012049,              0.0012049,              0.0012049
                     59,                0.77275,                  1.184,                0.53979,                 1.1193,                0.97195,                0.99151,                0.99022,                0.85859,                0.97195,                0.99151,                0.99022,                0.84245,                0.66248,                0.92723,                0.55655,                 1.0903,              0.0011967,              0.0011967,              0.0011967
                     60,                0.75809,                 1.2346,                0.54405,                  1.126,                0.97986,                0.93988,                 0.9872,                0.85275,                0.97986,                0.93988,                 0.9872,                0.84872,                0.65666,                0.94384,                0.56211,                  1.116,              0.0011884,              0.0011884,              0.0011884
                     61,                0.76122,                 1.1971,                0.54128,                  1.091,                0.98398,                0.97072,                0.98947,                0.79225,                0.98398,                0.97072,                0.98947,                0.79799,                0.62557,                 0.9414,                0.54635,                 1.1066,              0.0011802,              0.0011802,              0.0011802
                     62,                0.76197,                 1.1943,                0.52295,                 1.1175,                0.98457,                0.96825,                0.98799,                0.84601,                0.98457,                0.96825,                0.98799,                0.83515,                0.61435,                 0.9579,                0.55905,                 1.0839,              0.0011719,              0.0011719,              0.0011719
                     63,                0.72626,                 1.1375,                 0.5123,                 1.0799,                0.98194,                0.96825,                0.98828,                0.84529,                0.98194,                0.96825,                0.98828,                0.84708,                0.61762,                0.96653,                0.51309,                 1.0836,              0.0011636,              0.0011636,              0.0011636
                     64,                0.74825,                 1.2172,                0.51125,                 1.1122,                0.98396,                 0.9751,                0.98914,                0.87577,                0.98396,                 0.9751,                0.98914,                0.86323,                0.61661,                0.95563,                0.50374,                 1.0948,              0.0011554,              0.0011554,              0.0011554
                     65,                0.76347,                 1.2106,                 0.5345,                 1.1311,                0.96594,                0.99206,                0.98925,                0.87149,                0.96594,                0.99206,                0.98925,                 0.8656,                0.60094,                0.97049,                0.50854,                 1.0769,              0.0011471,              0.0011471,              0.0011471
                     66,                0.80932,                 1.1984,                0.53974,                 1.1325,                0.97687,                0.86706,                0.95263,                0.85992,                0.97687,                0.86706,                0.95263,                0.83074,                0.60763,                 1.0001,                0.56163,                 1.0802,              0.0011389,              0.0011389,              0.0011389
                     67,                0.78081,                 1.2026,                0.55726,                 1.1248,                0.97944,                0.97585,                0.98936,                0.86106,                0.97944,                0.97585,                0.98936,                0.85819,                0.62687,                0.96452,                0.51156,                 1.0775,              0.0011306,              0.0011306,              0.0011306
                     68,                0.73786,                 1.1544,                0.50735,                  1.096,                0.98043,                0.98518,                0.98939,                0.79429,                0.98043,                0.98518,                0.98939,                0.79378,                0.61895,                0.98661,                0.50013,                 1.0688,              0.0011224,              0.0011224,              0.0011224
                     69,                0.76082,                 1.1806,                0.51801,                 1.1131,                0.97675,                0.97511,                0.98841,                0.80314,                0.97675,                0.97511,                0.98841,                0.82703,                0.68423,                 0.9529,                0.50444,                 1.0891,              0.0011141,              0.0011141,              0.0011141
                     70,                0.73651,                 1.1632,                0.50629,                 1.1014,                0.97029,                 0.9504,                0.98381,                0.85132,                0.97029,                 0.9504,                0.98381,                0.86328,                0.60312,                0.93742,                0.50791,                 1.0436,              0.0011059,              0.0011059,              0.0011059
                     71,                0.70892,                 1.1217,                0.47278,                 1.0679,                  0.977,                0.94246,                0.97612,                0.88136,                0.98487,                 0.9504,                0.97981,                0.85259,                0.61741,                0.92898,                0.51292,                 1.0657,              0.0010976,              0.0010976,              0.0010976
                     72,                0.72632,                 1.1835,                0.48653,                 1.0789,                0.96344,                0.97007,                0.97885,                0.85151,                0.97135,                  0.978,                0.98871,                0.84225,                 0.6657,                0.92122,                0.53199,                 1.1064,              0.0010894,              0.0010894,              0.0010894
                     73,                0.73355,                 1.1698,                0.50135,                 1.0952,                0.96271,                0.91952,                0.97484,                0.81195,                0.97076,                0.92745,                0.98539,                0.82911,                0.64868,                0.87959,                0.52015,                 1.0945,              0.0010811,              0.0010811,              0.0010811
                     74,                0.73916,                 1.1842,                0.50785,                 1.1103,                0.95655,                0.99023,                0.98636,                 0.8274,                0.95655,                0.99023,                0.98636,                0.85745,                 0.6065,                0.86753,                0.51467,                 1.0674,              0.0010729,              0.0010729,              0.0010729
                     75,                0.73777,                 1.1443,                0.50626,                  1.097,                0.98673,                0.96318,                0.98538,                0.85833,                0.98673,                0.96318,                0.98538,                0.87372,                0.60087,                0.87653,                0.52406,                  1.068,              0.0010646,              0.0010646,              0.0010646
                     76,                0.69768,                 1.1253,                0.48237,                 1.0769,                0.92755,                0.93966,                 0.9782,                0.87484,                0.92755,                0.93966,                 0.9782,                0.85913,                0.56749,                0.94296,                 0.5333,                 1.0362,              0.0010564,              0.0010564,              0.0010564
                     77,                0.68385,                   1.12,                0.47425,                 1.0657,                0.93948,                0.90873,                0.97347,                0.88057,                0.93948,                0.90873,                0.97347,                0.87061,                 0.5759,                0.92341,                0.53409,                 1.0361,              0.0010481,              0.0010481,              0.0010481
                     78,                0.71502,                 1.1199,                0.46208,                 1.0505,                0.92488,                 0.9504,                0.98131,                0.89129,                0.92488,                 0.9504,                0.98131,                0.87533,                0.56171,                0.90259,                0.52746,                 1.0362,              0.0010399,              0.0010399,              0.0010399
                     79,                0.69923,                 1.1064,                0.46826,                 1.0757,                0.92071,                0.97614,                0.98265,                0.86877,                0.92071,                0.97614,                0.98265,                0.87674,                0.61466,                0.94052,                0.52635,                 1.0665,              0.0010316,              0.0010316,              0.0010316
                     80,                0.67369,                 1.0741,                0.44424,                 1.0622,                0.96909,                 0.9504,                0.98525,                 0.8694,                0.96909,                 0.9504,                0.98525,                0.86853,                0.63144,                0.98346,                0.50472,                 1.0865,              0.0010234,              0.0010234,              0.0010234
                     81,                0.72106,                 1.1612,                0.48688,                 1.0798,                0.98035,                0.98224,                0.98785,                0.85918,                0.98035,                0.98224,                0.98785,                0.85873,                0.64195,                 1.0063,                0.49924,                 1.1036,              0.0010151,              0.0010151,              0.0010151
                     82,                0.71108,                 1.1311,                0.47931,                 1.0737,                0.95468,                0.99206,                0.97794,                0.87895,                0.95468,                0.99206,                0.97794,                0.83992,                0.63459,                 1.0002,                0.49229,                 1.0936,              0.0010069,              0.0010069,              0.0010069
                     83,                0.72902,                 1.1582,                0.48751,                 1.0939,                0.98092,                0.98184,                0.98455,                0.88026,                0.98092,                0.98184,                0.98455,                0.85656,                0.64544,                0.97026,                0.49617,                 1.0999,             0.00099862,             0.00099862,             0.00099862
                     84,                0.69751,                 1.1459,                0.48292,                 1.0648,                0.97971,                0.98009,                0.98591,                0.88963,                0.97971,                0.98009,                0.98591,                0.86152,                0.66827,                0.96585,                0.51026,                 1.1056,             0.00099036,             0.00099036,             0.00099036
                     85,                0.69537,                 1.1232,                0.47472,                  1.073,                0.97364,                0.98098,                0.98123,                0.89383,                0.97364,                0.98098,                0.98123,                 0.8637,                0.56957,                0.93487,                0.48551,                 1.0851,             0.00098211,             0.00098211,             0.00098211
                     86,                0.68568,                 1.1107,                0.44167,                 1.0495,                0.97049,                0.98462,                 0.9858,                 0.8934,                0.97049,                0.98462,                 0.9858,                0.87617,                0.54081,                0.87407,                0.46589,                 1.0397,             0.00097386,             0.00097386,             0.00097386
                     87,                0.70211,                 1.1423,                 0.4776,                 1.0746,                 0.9639,                0.98413,                0.98786,                0.88833,                 0.9639,                0.98413,                0.98786,                0.87691,                0.58567,                 0.9016,                0.51814,                 1.0627,             0.00096561,             0.00096561,             0.00096561
                     88,                 0.6952,                 1.1184,                0.45006,                 1.0685,                0.91725,                0.98674,                0.97718,                0.88827,                0.91725,                0.98674,                0.97718,                0.87481,                0.56924,                0.94793,                0.54766,                 1.0768,             0.00095736,             0.00095736,             0.00095736
                     89,                0.68724,                 1.1035,                0.45759,                 1.0784,                0.91452,                0.99206,                 0.9881,                0.88971,                0.91452,                0.99206,                 0.9881,                0.87887,                0.59387,                0.93182,                 0.5462,                 1.1083,             0.00094911,             0.00094911,             0.00094911
                     90,                0.71743,                 1.1288,                0.48238,                 1.0937,                 0.9483,                0.92923,                0.98021,                0.84844,                0.95564,                0.93717,                0.98211,                0.87273,                 0.6237,                0.87551,                 0.5403,                 1.1358,             0.00094085,             0.00094085,             0.00094085
                     91,                0.71191,                 1.1302,                0.48254,                 1.0943,                0.95651,                 0.9504,                0.98103,                0.87254,                0.95651,                 0.9504,                 0.9812,                0.88277,                0.56311,                0.85924,                0.47869,                 1.0698,              0.0009326,              0.0009326,              0.0009326
                     92,                 0.6863,                  1.108,                0.46503,                 1.0778,                0.97643,                0.97364,                0.98909,                0.87461,                0.97643,                0.97364,                0.98909,                0.88183,                0.60923,                0.85918,                0.48511,                 1.0859,             0.00092435,             0.00092435,             0.00092435
                     93,                0.66609,                 1.0689,                0.42669,                 1.0572,                0.99175,                0.96342,                0.98904,                0.90224,                0.99175,                0.96342,                0.98904,                0.89204,                0.60081,                0.88063,                0.49832,                 1.0475,              0.0009161,              0.0009161,              0.0009161
                     94,                0.63879,                 1.0572,                0.42447,                 1.0424,                0.99189,                0.97622,                0.98945,                0.92347,                0.99189,                0.97622,                0.98945,                0.89074,                0.56625,                0.91657,                0.47317,                 1.0334,             0.00090785,             0.00090785,             0.00090785
                     95,                0.66751,                 1.0812,                0.42377,                 1.0403,                0.98635,                0.98236,                0.98965,                0.88035,                0.98635,                0.98236,                0.98965,                0.87573,                 0.5651,                0.89485,                0.44544,                 1.0677,              0.0008996,              0.0008996,              0.0008996
                     96,                0.63823,                  1.043,                0.41279,                 1.0333,                0.99097,                0.99037,                0.99034,                0.88873,                0.99097,                0.99037,                0.99034,                0.88222,                 0.5727,                0.91312,                0.45196,                 1.0799,             0.00089134,             0.00089134,             0.00089134
                     97,                0.66377,                 1.1007,                0.44564,                 1.0476,                0.97223,                 0.9835,                0.99016,                0.88246,                0.97223,                 0.9835,                0.99016,                0.87316,                0.58591,                0.89313,                0.46871,                 1.0788,             0.00088309,             0.00088309,             0.00088309
                     98,                0.66686,                 1.0616,                0.44298,                 1.0535,                0.95079,                 0.9504,                0.96589,                0.85526,                0.95079,                 0.9504,                0.96589,                 0.8537,                0.58381,                0.82673,                0.50679,                 1.0741,             0.00087484,             0.00087484,             0.00087484
                     99,                0.65631,                 1.0453,                0.42802,                 1.0258,                0.96195,                 0.9504,                0.98632,                0.88278,                0.96195,                 0.9504,                0.98632,                0.87932,                 0.5421,                0.82453,                0.49104,                 1.0428,             0.00086659,             0.00086659,             0.00086659
                    100,                0.66829,                 1.0652,                0.43391,                 1.0561,                0.97861,                0.98631,                0.99032,                0.89353,                0.97861,                0.98631,                0.99032,                0.87866,                0.54811,                0.90754,                0.45027,                 1.0527,             0.00085834,             0.00085834,             0.00085834
                    101,                 0.6643,                 1.0612,                0.44022,                 1.0545,                0.98011,                0.99206,                 0.9903,                0.88852,                0.98011,                0.99206,                 0.9903,                0.88468,                0.59741,                0.95087,                0.44306,                  1.094,             0.00085009,             0.00085009,             0.00085009
                    102,                0.67512,                 1.0696,                0.44028,                 1.0763,                0.97058,                0.98174,                0.98926,                0.89332,                0.97058,                0.98174,                0.98926,                0.87726,                0.57502,                 0.9214,                0.43884,                 1.0726,             0.00084184,             0.00084184,             0.00084184
                    103,                0.65021,                 1.0259,                0.43275,                  1.039,                0.98168,                0.98812,                0.98976,                  0.883,                0.98168,                0.98812,                0.98976,                0.87617,                0.62473,                0.92338,                0.44089,                 1.1058,             0.00083358,             0.00083358,             0.00083358
                    104,                0.66748,                 1.0638,                  0.436,                 1.0479,                 0.9839,                0.98508,                0.98999,                0.89335,                 0.9839,                0.98508,                0.98999,                0.88322,                0.64232,                0.91504,                  0.463,                 1.1154,             0.00082533,             0.00082533,             0.00082533
                    105,                0.69701,                 1.1412,                 0.4516,                 1.0603,                0.97597,                0.94764,                0.98743,                0.88193,                0.97597,                0.94764,                0.98743,                0.88524,                0.60331,                0.93295,                0.50518,                 1.0608,             0.00081708,             0.00081708,             0.00081708
                    106,                0.70392,                 1.1306,                0.47146,                 1.0711,                0.90174,                0.95326,                0.98275,                0.85249,                0.90174,                0.95326,                0.98275,                0.85687,                0.62352,                0.94189,                0.54621,                 1.0821,             0.00080883,             0.00080883,             0.00080883
                    107,                0.64149,                 1.0148,                0.42778,                 1.0469,                 0.9801,                0.96864,                0.98977,                0.85722,                 0.9801,                0.96864,                0.98977,                0.85946,                0.63078,                0.94559,                0.47369,                 1.0968,             0.00080058,             0.00080058,             0.00080058
                    108,                0.66724,                 1.0788,                0.45715,                 1.0568,                0.97497,                0.98413,                0.99008,                0.87156,                0.97497,                0.98413,                0.99008,                0.87242,                0.58403,                0.90586,                0.43646,                 1.0767,             0.00079233,             0.00079233,             0.00079233
                    109,                0.65183,                  1.044,                0.42132,                 1.0451,                0.97474,                0.99074,                0.98927,                0.86373,                0.97474,                0.99074,                0.98927,                0.87596,                0.59503,                0.86039,                0.46447,                 1.0881,             0.00078407,             0.00078407,             0.00078407
                    110,                0.66075,                 1.0419,                0.42253,                 1.0464,                0.98039,                0.99192,                0.98922,                0.87461,                0.98039,                0.99192,                0.98922,                0.88289,                0.60879,                0.84828,                0.48692,                 1.0792,             0.00077582,             0.00077582,             0.00077582
                    111,                0.64377,                 1.0454,                0.41621,                  1.051,                 0.9559,                0.98476,                0.98995,                0.89292,                 0.9559,                0.98476,                0.98995,                0.88602,                0.58345,                0.84702,                0.47829,                 1.0732,             0.00076757,             0.00076757,             0.00076757
                    112,                0.63277,                 1.0018,                0.41369,                 1.0366,                0.97438,                0.98621,                0.99046,                0.87652,                0.97438,                0.98621,                0.99046,                0.88267,                0.56892,                0.88903,                0.45396,                 1.0653,             0.00075932,             0.00075932,             0.00075932
                    113,                0.61663,                0.98885,                 0.4149,                 1.0222,                0.93921,                 0.9504,                0.98461,                0.87748,                0.93921,                 0.9504,                0.98461,                0.87306,                0.58878,                0.91496,                0.43149,                 1.0829,             0.00075107,             0.00075107,             0.00075107
                    114,                0.62982,                 1.0259,                0.41043,                 1.0424,                0.97674,                0.98009,                0.99051,                0.90392,                0.97674,                0.98009,                0.99051,                0.88046,                0.58801,                0.93494,                0.42807,                  1.081,             0.00074282,             0.00074282,             0.00074282
                    115,                0.65671,                  1.051,                0.42749,                 1.0672,                0.96973,                0.98676,                0.99003,                0.91111,                0.96973,                0.98676,                0.99003,                0.90706,                 0.5623,                0.89121,                0.43117,                 1.0577,             0.00073456,             0.00073456,             0.00073456
                    116,                0.64597,                 1.0449,                  0.434,                 1.0503,                0.97457,                0.98135,                0.98936,                 0.9136,                0.97457,                0.98135,                0.98936,                0.89914,                0.53035,                0.89778,                0.43081,                 1.0226,             0.00072631,             0.00072631,             0.00072631
                    117,                0.61005,                 1.0099,                0.40831,                 1.0235,                0.96856,                0.97651,                0.98914,                0.91035,                0.96856,                0.97651,                0.98914,                0.89542,                0.52101,                0.87275,                0.42545,                 1.0046,             0.00071806,             0.00071806,             0.00071806
                    118,                0.64642,                 1.0009,                0.40385,                 1.0432,                0.97749,                0.97619,                0.98913,                0.90149,                0.97749,                0.97619,                0.98913,                0.89878,                0.57615,                0.89891,                0.43111,                 1.0448,             0.00070981,             0.00070981,             0.00070981
                    119,                0.61113,                0.98173,                0.39344,                 1.0345,                0.98328,                0.98413,                0.98915,                0.91873,                0.98328,                0.98413,                0.98915,                0.90926,                 0.5444,                0.87718,                0.39902,                 1.0468,             0.00070156,             0.00070156,             0.00070156
                    120,                0.63831,                 1.0296,                0.41381,                 1.0485,                0.97614,                0.98413,                0.98839,                0.90686,                0.97614,                0.98413,                0.98839,                0.90183,                0.55833,                0.87459,                0.40178,                 1.0484,             0.00069331,             0.00069331,             0.00069331
                    121,                0.65544,                 1.0412,                0.40216,                 1.0349,                0.98318,                0.99206,                0.98917,                 0.8967,                0.98318,                0.99206,                0.98917,                0.89062,                0.59381,                0.89806,                0.41452,                 1.0652,             0.00068505,             0.00068505,             0.00068505
                    122,                0.70656,                  1.144,                0.44685,                 1.0738,                 0.9852,                0.99206,                0.98973,                0.90153,                 0.9852,                0.99206,                0.98973,                0.89422,                0.60623,                0.87098,                0.41694,                 1.0713,              0.0006768,              0.0006768,              0.0006768
                    123,                0.61287,                 1.0149,                 0.4092,                 1.0411,                0.98524,                0.99206,                0.99053,                0.92636,                0.98524,                0.99206,                0.99053,                0.90393,                0.56978,                0.84582,                0.41828,                 1.0554,             0.00066855,             0.00066855,             0.00066855
                    124,                0.62861,                 1.0216,                0.40462,                 1.0194,                0.97973,                0.99206,                0.99165,                0.89925,                0.97973,                0.99206,                0.99165,                0.89792,                0.58962,                0.85096,                0.44364,                 1.0623,              0.0006603,              0.0006603,              0.0006603
                    125,                0.65795,                 1.0578,                0.40572,                 1.0435,                0.96796,                0.99206,                0.99068,                0.91133,                0.96796,                0.99206,                0.99068,                0.90385,                0.56122,                0.87758,                0.41585,                 1.0456,             0.00065205,             0.00065205,             0.00065205
                    126,                0.61614,                0.98712,                0.40923,                  1.046,                0.97151,                0.98467,                0.99083,                0.90085,                0.97151,                0.98467,                0.99083,                0.90545,                0.56813,                0.90173,                0.40807,                 1.0622,              0.0006438,              0.0006438,              0.0006438
                    127,                0.64526,                 1.0401,                0.40996,                 1.0546,                0.98396,                0.99206,                0.99077,                0.90257,                0.98396,                0.99206,                0.99077,                0.90445,                0.57162,                0.92731,                0.39324,                 1.0616,             0.00063554,             0.00063554,             0.00063554
                    128,                0.63555,                 1.0308,                0.39761,                 1.0345,                 0.9865,                0.99206,                0.99089,                0.92341,                 0.9865,                0.99206,                0.99089,                0.90703,                0.55648,                0.97431,                0.36656,                 1.0501,             0.00062729,             0.00062729,             0.00062729
                    129,                0.64868,                 1.0318,                0.40176,                 1.0531,                0.99393,                0.99206,                0.99112,                0.91719,                0.99393,                0.99206,                0.99112,                0.89208,                0.54619,                 0.9806,                0.35859,                 1.0494,             0.00061904,             0.00061904,             0.00061904
                    130,                0.63872,                   1.03,                 0.4099,                 1.0365,                 0.9935,                0.99206,                0.99192,                0.91925,                 0.9935,                0.99206,                0.99192,                0.89572,                0.56221,                0.94957,                0.37491,                 1.0504,             0.00061079,             0.00061079,             0.00061079
                    131,                0.62151,                 1.0247,                0.40202,                 1.0294,                0.99299,                0.99206,                0.99164,                 0.9265,                0.99299,                0.99206,                0.99164,                0.89539,                0.57423,                0.94383,                0.37497,                 1.0528,             0.00060254,             0.00060254,             0.00060254
                    132,                0.61287,                0.99067,                0.40069,                 1.0334,                 0.9899,                0.99206,                0.99371,                0.92532,                 0.9899,                0.99206,                0.99371,                 0.9046,                0.52481,                0.89793,                0.35928,                 1.0317,             0.00059429,             0.00059429,             0.00059429
                    133,                0.62259,                  1.026,                0.40493,                 1.0285,                 0.9874,                0.99206,                 0.9947,                0.91928,                 0.9874,                0.99206,                 0.9947,                 0.9034,                0.55745,                0.89731,                0.34786,                 1.0458,             0.00058603,             0.00058603,             0.00058603
                    134,                0.62177,                 1.0278,                0.40889,                 1.0372,                0.99117,                0.99206,                0.99235,                0.89591,                0.99117,                0.99206,                0.99235,                0.89198,                 0.5651,                0.91894,                0.38003,                 1.0615,             0.00057778,             0.00057778,             0.00057778
                    135,                0.62214,                0.99702,                0.39631,                 1.0256,                0.98827,                0.99206,                0.99093,                0.89207,                0.98827,                0.99206,                0.99093,                0.90028,                0.57708,                0.93022,                0.40205,                 1.0672,             0.00056953,             0.00056953,             0.00056953
                    136,                0.60965,                0.97758,                0.38817,                 1.0113,                0.98135,                0.99206,                0.99117,                0.90823,                0.98135,                0.99206,                0.99117,                0.90026,                0.54756,                0.93134,                0.41968,                 1.0547,             0.00056128,             0.00056128,             0.00056128
                    137,                0.61218,                0.99657,                0.40071,                 1.0388,                0.97635,                0.99206,                0.99463,                0.89823,                0.97635,                0.99206,                0.99463,                0.89926,                0.55772,                0.94798,                0.40918,                 1.0652,             0.00055303,             0.00055303,             0.00055303
                    138,                  0.644,                 1.0594,                0.41109,                 1.0382,                0.98403,                0.99206,                0.99477,                0.90901,                0.98403,                0.99206,                0.99477,                0.90942,                0.55774,                0.88586,                0.40542,                 1.0597,             0.00054478,             0.00054478,             0.00054478
                    139,                0.63417,                   1.03,                0.39007,                  1.024,                0.99518,                0.97903,                0.99492,                0.90806,                0.99518,                0.97903,                0.99492,                0.90418,                0.57435,                0.88082,                0.41021,                  1.067,             0.00053652,             0.00053652,             0.00053652
                    140,                0.60463,                 1.0211,                0.39446,                 1.0428,                0.98351,                0.99206,                0.99405,                0.89425,                0.98351,                0.99206,                0.99405,                0.88758,                0.61845,                0.89175,                0.42907,                 1.0966,             0.00052827,             0.00052827,             0.00052827
                    141,                0.60276,                0.98522,                 0.3779,                   1.02,                0.98797,                0.99206,                 0.9947,                 0.9175,                0.98797,                0.99206,                 0.9947,                0.89882,                0.58005,                0.90488,                0.40017,                 1.0543,             0.00052002,             0.00052002,             0.00052002
                    142,                0.62991,                0.99493,                0.38968,                 1.0258,                0.98262,                0.99206,                 0.9943,                 0.9067,                0.98262,                0.99206,                 0.9943,                0.90202,                0.55889,                0.88883,                0.39452,                 1.0322,             0.00051177,             0.00051177,             0.00051177
                    143,                0.60874,                0.95088,                0.38644,                 1.0356,                0.98315,                0.99206,                0.99409,                0.90985,                0.98315,                0.99206,                0.99409,                0.90461,                0.53964,                0.88904,                0.39019,                 1.0349,             0.00050352,             0.00050352,             0.00050352
                    144,                0.61906,                 1.0227,                0.39086,                 1.0222,                0.97855,                0.99206,                 0.9934,                0.91923,                0.97855,                0.99206,                 0.9934,                0.90063,                0.54487,                0.90862,                0.40203,                  1.032,             0.00049527,             0.00049527,             0.00049527
                    145,                0.58818,                0.94653,                 0.3912,                 1.0235,                0.97871,                0.99206,                0.99369,                0.89913,                0.97871,                0.99206,                0.99369,                0.91404,                0.56074,                0.88503,                0.41247,                 1.0287,             0.00048701,             0.00048701,             0.00048701
                    146,                0.59542,                0.96516,                0.37232,                 1.0154,                0.95739,                0.99206,                0.99217,                0.91219,                0.95739,                0.99206,                0.99217,                 0.8987,                0.57623,                0.89135,                0.42625,                 1.0471,             0.00047876,             0.00047876,             0.00047876
                    147,                0.62368,                 1.0162,                0.40375,                 1.0519,                 0.9419,                0.99206,                0.98711,                0.90039,                 0.9419,                0.99206,                0.98711,                0.88864,                0.58393,                0.91136,                0.41563,                 1.0579,             0.00047051,             0.00047051,             0.00047051
                    148,                 0.5897,                  0.963,                0.36535,                0.99838,                0.98376,                0.99206,                0.99056,                0.89536,                0.98376,                0.99206,                0.99056,                0.88938,                0.57416,                0.88854,                0.39301,                 1.0468,             0.00046226,             0.00046226,             0.00046226
                    149,                  0.594,                0.98588,                 0.3773,                 1.0104,                0.98239,                0.99179,                0.99228,                0.90467,                0.98239,                0.99179,                0.99228,                 0.9063,                0.53862,                 0.8581,                0.38567,                 1.0395,             0.00045401,             0.00045401,             0.00045401
                    150,                0.60185,                0.96984,                0.37041,                 1.0088,                0.97645,                0.98527,                0.99335,                0.90945,                0.97645,                0.98527,                0.99335,                0.90537,                0.53279,                0.84049,                 0.3946,                 1.0416,             0.00044576,             0.00044576,             0.00044576
                    151,                0.58265,                0.96144,                0.38226,                 1.0219,                 0.9798,                0.94471,                0.98202,                0.91237,                 0.9798,                0.94471,                0.98202,                0.89141,                0.55354,                0.84448,                0.40631,                  1.044,              0.0004375,              0.0004375,              0.0004375
                    152,                 0.5749,                0.93949,                0.35781,                0.99966,                0.98333,                 0.9504,                0.98604,                0.91395,                0.98333,                 0.9504,                0.98604,                0.90363,                0.55101,                 0.8294,                0.38838,                 1.0398,             0.00042925,             0.00042925,             0.00042925
                    153,                0.58141,                  0.967,                0.36689,                  1.014,                0.98447,                 0.9504,                0.98833,                0.91085,                0.98447,                 0.9504,                0.98833,                 0.9069,                0.54353,                0.80169,                0.39414,                 1.0408,               0.000421,               0.000421,               0.000421
                    154,                0.58508,                0.96039,                0.37715,                 1.0012,                0.99001,                0.98698,                0.99441,                0.91952,                0.99001,                0.98698,                0.99441,                0.91012,                0.52022,                0.78882,                0.37204,                 1.0264,             0.00041275,             0.00041275,             0.00041275
                    155,                0.61051,                0.99884,                0.38341,                 1.0257,                0.98517,                0.97996,                0.99335,                0.92006,                0.98517,                0.97996,                0.99335,                0.90663,                0.54073,                 0.8286,                0.39066,                  1.032,              0.0004045,              0.0004045,              0.0004045
                    156,                0.59212,                0.95639,                0.38617,                 1.0192,                  0.977,                0.98413,                0.99296,                0.92219,                  0.977,                0.98413,                0.99296,                 0.9052,                0.53596,                0.83551,                0.38442,                 1.0364,             0.00039625,             0.00039625,             0.00039625
                    157,                0.58339,                0.98402,                0.38527,                 1.0268,                0.97298,                0.98578,                0.99305,                0.91109,                0.97298,                0.98578,                0.99305,                 0.9041,                0.54735,                 0.8449,                0.38107,                 1.0433,             0.00038799,             0.00038799,             0.00038799
                    158,                0.57135,                0.93779,                0.36122,                 0.9914,                0.98259,                0.99067,                0.99378,                 0.9092,                0.98259,                0.99067,                0.99378,                0.90122,                0.53642,                0.85051,                0.37341,                 1.0342,             0.00037974,             0.00037974,             0.00037974
                    159,                0.55631,                0.89341,                0.34503,                0.98847,                0.97732,                0.99206,                0.99348,                0.91977,                0.97732,                0.99206,                0.99348,                0.90355,                0.54201,                0.85511,                0.37774,                  1.037,             0.00037149,             0.00037149,             0.00037149
                    160,                0.55949,                0.90489,                0.33786,                0.99728,                0.97375,                0.99206,                0.99367,                0.91646,                0.97375,                0.99206,                0.99367,                0.91545,                0.56137,                0.86123,                0.38948,                  1.047,             0.00036324,             0.00036324,             0.00036324
                    161,                0.57468,                0.92443,                0.35721,                 1.0079,                0.97272,                0.99206,                0.99281,                0.91992,                0.97272,                0.99206,                0.99281,                0.90558,                0.55637,                0.87623,                0.39236,                 1.0455,             0.00035499,             0.00035499,             0.00035499
                    162,                0.58326,                0.96587,                0.36219,                0.99301,                0.97373,                0.99206,                0.99299,                0.92504,                0.97373,                0.99206,                0.99299,                0.90726,                0.55455,                0.89099,                0.39564,                 1.0412,             0.00034674,             0.00034674,             0.00034674
                    163,                0.58312,                0.94301,                0.36049,                0.98691,                0.97537,                0.99206,                0.99318,                0.91412,                0.97537,                0.99206,                0.99318,                0.91246,                0.54262,                0.87443,                0.39276,                 1.0273,             0.00033848,             0.00033848,             0.00033848
                    164,                0.55894,                0.91677,                0.34929,                 0.9931,                0.97286,                0.99206,                0.99392,                0.91347,                0.97286,                0.99206,                0.99392,                0.90365,                0.54955,                0.87014,                0.37887,                 1.0265,             0.00033023,             0.00033023,             0.00033023
                    165,                0.56509,                0.94872,                0.35503,                 0.9927,                0.98314,                0.99206,                0.99394,                0.90771,                0.98314,                0.99206,                0.99394,                0.90597,                0.57447,                0.88117,                0.36881,                 1.0401,             0.00032198,             0.00032198,             0.00032198
                    166,                0.57449,                0.91733,                0.34415,                0.98697,                0.98599,                0.99206,                0.99375,                0.91444,                0.98599,                0.99206,                0.99375,                0.90375,                0.56559,                0.89015,                0.36762,                  1.043,             0.00031373,             0.00031373,             0.00031373
                    167,                0.57174,                0.98176,                0.36205,                 1.0032,                0.98989,                0.99206,                0.99282,                0.91114,                0.98989,                0.99206,                0.99282,                0.89982,                0.55568,                 0.8864,                0.37783,                 1.0458,             0.00030548,             0.00030548,             0.00030548
                    168,                0.57358,                0.94927,                0.35972,                0.99122,                0.99005,                0.99206,                0.99356,                0.91011,                0.99005,                0.99206,                0.99356,                0.89802,                0.57528,                0.89099,                 0.3827,                 1.0613,             0.00029723,             0.00029723,             0.00029723
                    169,                0.55268,                0.92454,                0.33896,                0.98713,                0.98698,                0.99206,                0.99441,                0.90588,                0.98698,                0.99206,                0.99441,                 0.9005,                0.58567,                0.91435,                0.38099,                 1.0694,             0.00028897,             0.00028897,             0.00028897
                    170,                0.56177,                0.94133,                0.35192,                0.98114,                0.98701,                 0.9892,                0.99428,                  0.899,                0.98701,                 0.9892,                0.99428,                0.89812,                0.55365,                0.89547,                0.36309,                 1.0518,             0.00028072,             0.00028072,             0.00028072
                    171,                0.56539,                 0.9264,                  0.356,                0.99255,                0.98714,                0.98585,                0.99166,                0.90653,                0.98714,                0.98585,                0.99166,                0.88757,                0.53836,                0.90138,                0.35388,                 1.0447,             0.00027247,             0.00027247,             0.00027247
                    172,                0.55675,                0.94548,                0.35692,                 1.0093,                0.98818,                0.98413,                0.99089,                0.91642,                0.98818,                0.98413,                0.99089,                0.89678,                 0.5499,                0.88006,                0.35412,                 1.0433,             0.00026422,             0.00026422,             0.00026422
                    173,                0.54463,                0.89895,                0.34406,                0.97286,                0.98577,                0.98421,                 0.9908,                 0.9081,                0.98577,                0.98421,                 0.9908,                 0.8933,                0.55684,                 0.8717,                0.36255,                  1.039,             0.00025597,             0.00025597,             0.00025597
                    174,                0.56794,                0.95242,                0.34841,                 1.0089,                0.99201,                0.98378,                 0.9909,                0.90891,                0.99201,                0.98378,                 0.9909,                0.89552,                0.55837,                0.86306,                 0.3768,                 1.0407,             0.00024772,             0.00024772,             0.00024772
                    175,                0.57122,                0.95068,                0.35561,                0.99731,                0.98606,                0.94515,                0.97912,                0.89507,                0.98606,                0.94515,                0.97912,                0.88393,                0.55803,                0.88544,                0.38312,                 1.0391,             0.00023946,             0.00023946,             0.00023946
                    176,                0.56088,                0.92209,                   0.36,                0.98729,                0.98783,                0.94728,                0.98306,                0.90146,                0.98783,                0.94728,                0.98306,                0.89005,                0.56105,                0.88436,                0.39385,                 1.0382,             0.00023121,             0.00023121,             0.00023121
                    177,                0.53975,                0.93241,                0.34092,                0.98504,                0.98482,                 0.9906,                0.99113,                0.90197,                0.98482,                 0.9906,                0.99113,                0.90092,                0.55179,                0.88434,                0.39372,                 1.0426,             0.00022296,             0.00022296,             0.00022296
                    178,                0.54153,                0.88783,                0.34449,                0.97618,                0.97799,                0.99067,                0.99117,                0.91742,                0.97799,                0.99067,                0.99117,                0.90056,                 0.5472,                0.87219,                0.39016,                 1.0438,             0.00021471,             0.00021471,             0.00021471
                    179,                0.55219,                0.92805,                0.34576,                0.98473,                0.99199,                0.98587,                0.99123,                0.90739,                0.99199,                0.98587,                0.99123,                0.89558,                0.54133,                0.87298,                0.38147,                  1.036,             0.00020646,             0.00020646,             0.00020646
                    180,                 0.5378,                0.93147,                 0.3445,                0.98616,                0.99199,                0.98133,                 0.9913,                 0.9095,                0.99199,                0.98133,                 0.9913,                0.90006,                0.52889,                0.86711,                0.36888,                 1.0268,             0.00019821,             0.00019821,             0.00019821
                    181,                0.53964,                0.88605,                0.33949,                 0.9775,                0.99195,                0.97469,                0.99111,                 0.9179,                0.99195,                0.97469,                0.99111,                0.89671,                0.53306,                0.87094,                0.37054,                 1.0305,             0.00018995,             0.00018995,             0.00018995
                    182,                0.54903,                0.88417,                0.33593,                0.98443,                0.99192,                0.97536,                0.99098,                0.91545,                0.99192,                0.97536,                0.99098,                0.89779,                0.54223,                 0.8849,                0.36912,                 1.0429,              0.0001817,              0.0001817,              0.0001817
                    183,                0.55756,                0.95203,                0.35545,                0.99793,                0.98654,                0.97647,                0.99093,                0.91663,                0.98654,                0.97647,                0.99093,                0.89507,                0.54144,                0.87331,                0.36896,                  1.034,             0.00017345,             0.00017345,             0.00017345
                    184,                0.53433,                0.91405,                 0.3488,                0.98191,                0.98421,                 0.9754,                0.99072,                0.92376,                0.98421,                 0.9754,                0.99072,                0.89646,                0.55027,                0.87387,                0.37968,                 1.0344,              0.0001652,              0.0001652,              0.0001652
                    185,                0.51391,                0.86317,                0.33668,                0.97488,                0.98424,                0.97605,                0.99052,                0.92419,                0.98424,                0.97605,                0.99052,                0.89999,                0.56633,                0.88894,                0.37725,                 1.0464,             0.00015695,             0.00015695,             0.00015695
                    186,                0.56224,                0.92926,                0.34717,                0.98741,                0.98204,                0.98413,                0.99088,                0.92575,                0.98204,                0.98413,                0.99088,                0.90011,                0.54808,                0.88145,                0.35805,                 1.0451,              0.0001487,              0.0001487,              0.0001487
                    187,                0.54097,                0.90643,                0.34634,                0.98894,                0.98654,                0.98899,                0.99109,                0.92012,                0.98654,                0.98899,                0.99109,                0.90284,                0.54336,                 0.8822,                0.35529,                 1.0429,             0.00014044,             0.00014044,             0.00014044
                    188,                 0.5316,                0.89057,                0.34321,                0.98145,                0.98736,                0.99083,                 0.9909,                0.91972,                0.98736,                0.99083,                 0.9909,                0.90223,                0.54079,                0.88299,                0.35077,                 1.0463,             0.00013219,             0.00013219,             0.00013219
                    189,                0.53544,                0.86988,                0.34073,                 1.0002,                0.98613,                0.99206,                0.99123,                0.91643,                0.98613,                0.99206,                0.99123,                0.91261,                0.52947,                0.86806,                0.34623,                 1.0338,             0.00012394,             0.00012394,             0.00012394
                    190,                0.53598,                0.92117,                0.33186,                0.98839,                0.98723,                0.99206,                0.99108,                0.91045,                0.98723,                0.99206,                0.99108,                0.90025,                0.52847,                0.86712,                0.34474,                 1.0308,             0.00011569,             0.00011569,             0.00011569
                    191,                0.52611,                0.85961,                0.34641,                0.97449,                0.98047,                0.99206,                0.99203,                0.91659,                0.98047,                0.99206,                0.99203,                0.90527,                 0.5265,                 0.8856,                0.34909,                 1.0277,             0.00010744,             0.00010744,             0.00010744
                    192,                0.54694,                0.88509,                 0.3653,                0.98674,                0.98375,                0.99114,                0.99332,                0.92138,                0.98375,                0.99114,                0.99332,                0.91339,                0.52922,                0.89848,                0.34784,                 1.0318,             9.9187e-05,             9.9187e-05,             9.9187e-05
                    193,                  0.538,                0.87893,                0.35015,                0.98036,                0.98992,                0.99206,                 0.9924,                0.92134,                0.98992,                0.99206,                 0.9924,                 0.9079,                0.53418,                0.89994,                0.35338,                 1.0335,             9.0935e-05,             9.0935e-05,             9.0935e-05
                    194,                0.54976,                0.85359,                0.34574,                 0.9652,                 0.9832,                0.99206,                 0.9926,                0.91405,                 0.9832,                0.99206,                 0.9926,                0.90205,                0.54346,                0.90364,                0.35485,                 1.0375,             8.2683e-05,             8.2683e-05,             8.2683e-05
                    195,                0.55108,                0.87709,                0.34316,                0.96854,                0.98421,                0.99206,                0.99193,                0.91772,                0.98421,                0.99206,                0.99193,                0.91088,                0.54613,                0.89794,                0.35615,                  1.039,             7.4432e-05,             7.4432e-05,             7.4432e-05
                    196,                0.52229,                0.82651,                0.31393,                0.95811,                 0.9845,                0.99206,                0.99135,                0.91498,                 0.9845,                0.99206,                0.99135,                0.90233,                0.54626,                0.90489,                0.35535,                 1.0416,              6.618e-05,              6.618e-05,              6.618e-05
                    197,                0.52156,                0.84753,                0.34188,                0.96811,                0.98736,                0.99206,                0.99162,                0.91561,                0.98736,                0.99206,                0.99162,                 0.9069,                0.54015,                0.91236,                0.34507,                 1.0395,             5.7928e-05,             5.7928e-05,             5.7928e-05
                    198,                0.52473,                0.85083,                 0.3178,                0.97217,                0.98967,                0.99206,                0.99097,                0.92339,                0.98967,                0.99206,                0.99097,                0.90339,                 0.5364,                0.91895,                0.34396,                 1.0382,             4.9677e-05,             4.9677e-05,             4.9677e-05
                    199,                0.52316,                0.87607,                0.32033,                0.96365,                0.99065,                0.99206,                0.99104,                0.92205,                0.99065,                0.99206,                0.99104,                0.90377,                0.53499,                0.91765,                 0.3468,                 1.0374,             4.1425e-05,             4.1425e-05,             4.1425e-05
                    200,                0.50295,                 0.8373,                0.30901,                0.94599,                0.99191,                0.99206,                0.99107,                0.91888,                0.99191,                0.99206,                0.99107,                 0.9025,                0.53592,                0.92615,                0.34537,                 1.0379,             3.3173e-05,             3.3173e-05,             3.3173e-05
